Date,Open,High,Low,Close,Adj Close,Volume
23/02/2015,3666,3727.5,3644,3727.5,3306.20166,2516781
24/02/2015,3727,3770,3718.5,3737,3314.627686,2685567
25/02/2015,3733,3739,3685,3731,3309.306152,2570084
26/02/2015,3750,3799,3716.5,3795,3366.072754,3034094
27/02/2015,3799,3806,3759.5,3782,3354.541748,3177355
02/03/2015,3774.5,3780,3739.5,3756.5,3331.924072,2381216
03/03/2015,3787.5,3811.5,3749,3767,3341.237305,2188165
04/03/2015,3788,3813,3735.5,3813,3382.038574,2311407
05/03/2015,3832.5,3893.75,3806.5,3892.5,3452.552979,3867733
06/03/2015,3879.5,3894,3822.5,3825.5,3393.125488,2985572
09/03/2015,3825,3825,3746.5,3756,3331.480469,2591878
10/03/2015,3744.5,3770,3652.01001,3652.5,3239.678711,3138477
11/03/2015,3663.5,3682.5,3613,3627,3217.060547,2523119
12/03/2015,3649,3675.5,3629,3641.5,3229.921875,2214868
13/03/2015,3660,3674.5,3619,3644,3232.139648,2336235
16/03/2015,3644.5,3722,3636,3708.5,3289.349121,2641777
17/03/2015,3698.5,3734.5,3679.5,3715.5,3295.557861,2515963
18/03/2015,3729,3808.5,3701.5,3796,3366.959473,4003013
19/03/2015,3690,3715.5,3635,3668,3341.994873,5947662
20/03/2015,3676,3676,3647.5,3657,3331.972412,6144310
23/03/2015,3667,3715.879883,3641.5,3703.5,3374.3396,3168121
24/03/2015,3685.5,3737,3664,3664,3338.350342,3082176
25/03/2015,3664.5,3681,3639.5,3639.5,3316.028076,2221849
26/03/2015,3614,3622,3446.530029,3570,3252.704834,5596549
27/03/2015,3587.5,3588,3538,3552,3236.304688,2401057
30/03/2015,3598,3599,3554.5,3594.5,3275.027344,2885991
31/03/2015,3598.5,3598.5,3482.5,3488.5,3178.448486,4940595
01/04/2015,3496.5,3546,3481.5,3538.5,3224.004639,3077806
02/04/2015,3528.5,3583,3514,3577,3259.082764,2238426
07/04/2015,3577,3637.679932,3575,3631,3308.282959,2501622
08/04/2015,3615.5,3625,3579.120117,3589,3270.016357,2110707
09/04/2015,3607,3651,3596.5,3631,3308.282959,2367370
10/04/2015,3642.5,3721,3636,3716,3385.72876,2730057
13/04/2015,3706.5,3706.5,3622.929932,3662,3336.52832,1945599
14/04/2015,3646,3690,3629,3677.5,3350.650391,1796061
15/04/2015,3677.5,3711,3667,3691,3362.950928,1938505
16/04/2015,3709,3747.72998,3675.5,3742,3409.417969,3941425
17/04/2015,3750,3780,3709,3724,3393.017822,3894772
20/04/2015,3750.5,3775,3740.199951,3765,3430.374023,2195940
21/04/2015,3758.5,3797,3735,3762.5,3428.095947,2910884
22/04/2015,3775,3775,3704,3734,3402.128906,2634691
23/04/2015,3756.5,3774,3720,3753,3419.44043,2997684
24/04/2015,3760,3770.949951,3715.5,3746.5,3413.518066,2372045
27/04/2015,3749,3758.5,3687.5,3721.5,3390.739746,2837512
28/04/2015,3725.5,3725.5,3632.5,3669.5,3343.361816,3145883
29/04/2015,3635,3648,3582,3588.5,3269.560547,4386981
30/04/2015,3602.5,3620,3573.5,3592.5,3273.205322,3292730
01/05/2015,3595,3668,3554,3640,3316.483398,1605754
05/05/2015,3640,3690,3547.5,3547.5,3232.204834,1533248
06/05/2015,3558,3598,3549.97998,3582.5,3264.093994,2440178
07/05/2015,3588,3600,3498,3576,3258.171875,4291377
08/05/2015,3645,3652.620117,3598,3640,3316.483398,3835228
11/05/2015,3630.5,3674.810059,3613,3621,3299.172119,2827070
12/05/2015,3594.5,3605,3520.820068,3557.5,3241.315918,3646469
13/05/2015,3585.5,3621.5,3558.5,3572,3254.5271,2625827
14/05/2015,3572,3607.97998,3543.5,3602,3281.86084,2142010
15/05/2015,3620.5,3713.889893,3571.5,3592,3272.749512,2178895
18/05/2015,3599.5,3619,3545,3595.5,3275.938721,1892250
19/05/2015,3638.5,3655,3618.5,3639.5,3316.028076,2302944
20/05/2015,3636,3652,3606,3644,3320.12793,2529973
21/05/2015,3644.5,3649,3609,3633,3310.105713,1590606
22/05/2015,3634.5,3698.919922,3621,3621,3299.172119,2667471
26/05/2015,3621,3641,3586.649902,3611.5,3290.516357,1813196
27/05/2015,3625,3679,3617.5,3664.5,3338.806152,3463328
28/05/2015,3666.5,3708,3665.5,3691.5,3363.406006,2917391
29/05/2015,3690.5,3691,3599,3605.5,3285.049805,3533638
01/06/2015,3607,3653.149902,3584,3592.5,3273.205322,2959983
02/06/2015,3563.5,3565,3494.5,3506,3194.393066,4018024
03/06/2015,3511.5,3568,3506,3535.5,3221.27124,2926941
04/06/2015,3536.5,3536.5,3478,3520,3207.148926,3519104
05/06/2015,3509,3509,3438.5,3440,3134.259277,2928078
08/06/2015,3431,3447,3385,3431,3126.059082,3373484
09/06/2015,3432.5,3442.5,3400.5,3423,3118.770264,2604950
10/06/2015,3413.5,3440.5,3383,3434,3128.792236,3419796
11/06/2015,3432,3458.5,3417,3445,3138.814453,2015801
12/06/2015,3427.5,3430,3392.5,3417.5,3113.758545,2418207
15/06/2015,3399,3438,3388.5,3411.5,3108.291992,2623424
16/06/2015,3418,3529.5,3406.5,3511,3198.948486,5369720
17/06/2015,3529,3539.5,3477,3503,3191.659912,3063337
18/06/2015,3499.5,3556,3488.5,3556,3239.949463,3863336
19/06/2015,3550,3582.5,3536,3547,3231.749023,4471752
22/06/2015,3592,3605.5,3554,3593.5,3274.116211,2788435
23/06/2015,3598.5,3607,3569,3579.5,3261.360596,2180886
24/06/2015,3571,3617,3556.5,3591,3271.838623,2258357
25/06/2015,3573,3611.5,3556,3556,3239.949463,2546552
26/06/2015,3538.5,3570.5,3525.5,3546.5,3231.293457,2046730
29/06/2015,3477.5,3531,3467.5,3475.5,3166.604004,2542954
30/06/2015,3464.5,3484,3415,3415,3111.480957,3925716
01/07/2015,3446,3510,3427.899902,3499,3188.015381,3058077
02/07/2015,3507.5,3509,3474,3495,3184.37085,1665426
03/07/2015,3483.5,3515.5,3473,3481.5,3172.070557,1122048
06/07/2015,3448,3507.5,3433.5,3485,3175.259766,2258211
07/07/2015,3478.5,3492.5,3452,3462,3154.303711,2562915
08/07/2015,3486.5,3529.5,3457,3529.5,3215.804199,2751987
09/07/2015,3531.5,3568.5,3508.5,3564.5,3247.693359,2123937
10/07/2015,3606.5,3650.409912,3570.5,3626.5,3304.18335,2657806
13/07/2015,3663.5,3671.5,3597.5,3617,3295.527588,2478624
14/07/2015,3625,3656,3609.5,3639.5,3316.028076,1978088
15/07/2015,3626.5,3656.5,3605.5,3653,3328.327881,1649980
16/07/2015,3660,3687,3640,3659.5,3334.250244,1999168
17/07/2015,3664.5,3678,3634,3651,3326.505859,1931800
20/07/2015,3675,3675.5,3637,3651,3326.505859,1756154
21/07/2015,3665,3676,3630,3659.5,3334.250244,1633242
22/07/2015,3636.5,3653,3581.5,3592.5,3273.205322,2271659
23/07/2015,3637,3660.5,3559,3579.5,3261.360596,2185264
24/07/2015,3585,3629,3542.5,3550,3234.482422,2019556
27/07/2015,3559.5,3575,3498,3512,3199.859863,2864846
28/07/2015,3540,3551.5,3517.5,3551.5,3235.849121,2649899
29/07/2015,3650,3680.5,3629.5,3680.5,3353.383789,4121533
30/07/2015,3693,3747,3673.5,3740,3407.595947,4317575
31/07/2015,3750,3806.5,3743.73999,3801,3463.174072,4070097
03/08/2015,3788.5,3800,3766,3785,3448.596191,2934352
04/08/2015,3790.5,3843,3783,3821,3481.396729,3023407
05/08/2015,3822.5,3851.5,3803,3828.5,3488.22998,2350252
06/08/2015,3828.5,3871,3823,3830,3489.59668,2135039
07/08/2015,3813.5,3824,3793.5,3805,3466.818604,1903003
10/08/2015,3828,3835,3777,3822.5,3482.763428,2036056
11/08/2015,3808.5,3831,3768,3774,3438.573975,2389362
12/08/2015,3755,3782.449951,3678.350098,3707.5,3377.984619,3443366
13/08/2015,3741.5,3777.5,3698.5,3731,3399.395508,2917460
14/08/2015,3743.5,3745,3713.5,3721,3390.284424,1676771
17/08/2015,3740.5,3743.060059,3700.5,3726.5,3395.295166,1754062
18/08/2015,3730.5,3734,3654.939941,3709,3379.35083,2278014
19/08/2015,3702.5,3703,3648.5,3657,3331.972412,2553687
20/08/2015,3598,3601,3558.5,3582.5,3308.790039,2572543
21/08/2015,3555.5,3585.5,3499.5,3499.5,3232.131836,3148581
24/08/2015,3378,3420.5,3231.5,3355.5,3099.133301,9014844
25/08/2015,3391.5,3440.5,3364.5,3425,3163.323486,5320593
26/08/2015,3385,3462,3366,3405.5,3145.313477,5040014
27/08/2015,3466.5,3476.5,3409.5,3465,3200.267578,2974775
28/08/2015,3479.5,3487.080078,3386.159912,3479,3213.197754,2740427
01/09/2015,3479,3479,3367.5,3391,3131.921387,3333313
02/09/2015,3404.5,3423.5,3358,3392.5,3133.306641,2655432
03/09/2015,3419,3458.5,3404,3450.5,3186.875244,2837808
04/09/2015,3431,3431,3376.5,3384.5,3125.917725,2640968
07/09/2015,3401.5,3412.5,3367,3400,3140.233398,1278921
08/09/2015,3400,3439.5,3354.600098,3410.5,3149.931396,1979384
09/09/2015,3468.5,3484,3434.5,3469.5,3204.423828,2228883
10/09/2015,3442,3444,3403.5,3439.5,3176.715576,2918361
11/09/2015,3435.5,3454.5,3402,3424,3162.399902,2875951
14/09/2015,3441.5,3467,3420,3423,3161.476318,1822278
15/09/2015,3440,3477.5,3405,3472.5,3207.194336,3204526
16/09/2015,3490.5,3582,3484.5,3575,3301.863525,3350847
17/09/2015,3582.5,3634.5,3571.850098,3578,3304.633789,4064918
18/09/2015,3572.5,3585,3450,3571,3298.168945,5492871
21/09/2015,3556,3599.600098,3553.5,3558.5,3286.624023,2488589
22/09/2015,3560,3570.5,3459,3459,3194.725586,3445140
23/09/2015,3460,3535.5,3460,3514.5,3245.985596,2327571
24/09/2015,3521,3555.5,3499,3535,3264.918945,3702880
25/09/2015,3579,3635.5,3561,3618,3341.577881,2968997
28/09/2015,3619,3628,3549.5,3555.5,3283.853027,2254839
29/09/2015,3516.5,3558.5,3505,3521,3251.989014,2528833
30/09/2015,3583,3643,3561.5,3643,3364.667969,4100278
01/10/2015,3643,3678.5,3586,3588.5,3314.332031,2919265
02/10/2015,3635,3655,3584.5,3634.5,3356.817383,2512411
05/10/2015,3689,3694.5,3665.5,3679.5,3398.379395,2049116
06/10/2015,3683,3710.5,3658,3702.5,3419.62207,2177874
07/10/2015,3709,3747,3699,3726,3441.32666,2623039
08/10/2015,3723,3750,3702.5,3738.5,3452.871582,2059276
09/10/2015,3760.5,3782.5,3734.5,3770,3481.964844,2072596
12/10/2015,3770.5,3770.5,3719,3763.5,3475.961182,1848362
13/10/2015,3759.5,3790,3726.5,3772,3483.812012,2336028
14/10/2015,3755,3760,3729,3737,3451.486084,2059381
15/10/2015,3753,3815.5,3751,3804,3513.366943,2592338
16/10/2015,3797.5,3834,3783,3830,3537.380859,2603384
19/10/2015,3826,3906.72998,3798,3824.5,3532.300781,1608832
20/10/2015,3840,3844.5,3785,3799,3508.749268,2295953
21/10/2015,3814,3849.5,3800.5,3816,3524.450439,2143142
22/10/2015,3820,3831.5,3796.5,3823,3530.915283,2051802
23/10/2015,3848,3858,3828.570068,3843.5,3549.849365,2239279
26/10/2015,3805,3842,3797.5,3830,3537.380859,1930811
27/10/2015,3825,3836,3793.5,3793.5,3503.669678,1795747
28/10/2015,3826,3900.51001,3826,3893,3595.567383,3958083
29/10/2015,3895,3902,3853,3890.5,3593.258301,2273345
30/10/2015,3895,3906,3842.5,3859.5,3564.626709,2375510
02/11/2015,3826,3843,3811,3820,3528.144775,2323275
03/11/2015,3825,3847.5,3818,3842,3548.464111,1418017
04/11/2015,3831.5,3871,3823.5,3857,3562.318115,1666307
05/11/2015,3857.5,3901.5,3845.22998,3860,3565.088867,1662241
06/11/2015,3869.5,3875.5,3798.5,3810,3518.908691,1786600
09/11/2015,3800,3810.100098,3759,3773,3484.735352,2139955
10/11/2015,3793,3797,3736.5,3779.5,3490.73877,1924434
11/11/2015,3790,3807.5,3764,3784.5,3495.357178,1829320
12/11/2015,3787,3796,3720,3724.5,3439.940918,2373467
13/11/2015,3718,3728.810059,3667,3705.5,3422.392578,2250303
16/11/2015,3689,3741.5,3687.5,3741,3455.180664,1668093
17/11/2015,3774.5,3816.5,3760,3812,3520.756104,2160866
18/11/2015,3794.5,3824.02002,3782.5,3808.5,3517.523438,1906575
19/11/2015,3819,3867.5,3816.5,3860.5,3565.550537,2695573
20/11/2015,3873.5,3892.5,3839.22998,3870,3574.324707,2382066
23/11/2015,3834,3870.5,3820,3869,3573.401123,1622472
24/11/2015,3871.5,3871.5,3810,3850,3555.852783,1599680
25/11/2015,3856.5,3884.5,3850.5,3873,3577.095703,1837954
26/11/2015,3876.5,3892.5,3858,3875,3578.942627,1262752
27/11/2015,3848.5,3909.5,3837.5,3898.5,3600.647217,1602614
30/11/2015,3901.5,3931.5,3861.5,3868,3572.477539,2325888
01/12/2015,3875,3887,3843.5,3886.5,3589.563965,2485648
02/12/2015,3899,3906,3872,3891,3593.719971,1603133
03/12/2015,3884.5,3915.5,3810,3816,3524.450439,2597474
04/12/2015,3803,3803,3760.5,3781,3492.124268,2592565
07/12/2015,3809.5,3843.5,3779,3835.5,3542.460205,1773409
08/12/2015,3840,3861,3781.5,3800,3509.672607,2159928
09/12/2015,3830,3830,3737,3738,3452.409912,2561278
10/12/2015,3699,3709,3672,3694,3411.77124,3116838
11/12/2015,3685.5,3700.5,3572.5,3599,3324.029541,3821263
14/12/2015,3603.5,3673.879883,3583.5,3590,3315.717285,2865080
15/12/2015,3616.5,3697,3616.5,3686,3404.382568,3108246
16/12/2015,3693,3723.350098,3672.5,3719,3434.861328,2177985
17/12/2015,3780.5,3788,3721.5,3732.5,3447.330078,3016763
18/12/2015,3703,3730.5,3660.5,3666.5,3386.372559,4592672
21/12/2015,3667,3712.5,3657.5,3657.5,3378.059814,2248998
22/12/2015,3658,3688.5,3647,3669.5,3389.143311,1075499
23/12/2015,3696.5,3753.01001,3691.5,3745.5,3459.33667,1251755
24/12/2015,3763.5,3784.5,3729.5,3781,3492.124268,329480
29/12/2015,3781,3816,3767,3806,3515.214355,1328520
30/12/2015,3799,3803.179932,3773.5,3789.5,3499.975098,846206
31/12/2015,3780,3801,3754,3771,3482.888672,516145
04/01/2016,3771,3771,3671,3685.5,3403.920654,2011778
05/01/2016,3721.5,3745,3643.5,3709,3425.625244,1887620
06/01/2016,3710,3729.5,3675,3728,3443.173584,2083089
07/01/2016,3658.5,3692.5,3627,3664.5,3384.525146,3141186
08/01/2016,3670.5,3673.5,3629.5,3631,3353.584717,2104037
11/01/2016,3614,3676,3602,3648.5,3369.747559,2006371
12/01/2016,3636,3722.5,3621.5,3698,3415.465576,2588877
13/01/2016,3725.5,3729,3698,3721,3436.708496,2589110
14/01/2016,3675.5,3678.5,3623,3639.5,3361.435059,2820897
15/01/2016,3622.5,3631,3536,3595,3320.335205,4483861
18/01/2016,3595,3641,3562.27002,3612,3336.036377,1948086
19/01/2016,3659,3665,3634,3647,3368.362305,2146893
20/01/2016,3606.5,3619.5,3544,3565,3292.627197,3040828
21/01/2016,3575.5,3599.5,3547,3579.5,3306.019287,3348278
22/01/2016,3624.5,3646.5,3606,3625.5,3348.504883,2567952
25/01/2016,3642.5,3660.5,3624,3657,3377.5979,2625287
26/01/2016,3616.5,3688.5,3601.5,3683,3401.611816,2184425
27/01/2016,3671,3764,3653.5,3764,3476.423096,2834807
28/01/2016,3765.5,3800.159912,3748,3768.5,3480.579346,3560688
29/01/2016,3829.5,3897,3800,3897,3599.261963,4159014
01/02/2016,3895.5,3903.5,3826.5,3864,3568.782959,3792402
02/02/2016,3865,3866,3824,3856.5,3561.856201,2578248
03/02/2016,3858.5,3870,3799,3805,3514.290527,3812531
04/02/2016,3834.5,3856.070068,3726.5,3753.5,3466.725342,3288075
05/02/2016,3755,3778.5,3722.5,3726.5,3441.78833,2512261
08/02/2016,3745.5,3746,3684.5,3731,3445.94458,3889532
09/02/2016,3753.5,3779,3703.5,3736.5,3451.024414,3713071
10/02/2016,3782.5,3798,3671,3692.5,3410.385742,3309139
11/02/2016,3661.5,3705,3609,3681,3399.764893,3964817
12/02/2016,3700.5,3720,3668,3708.5,3425.16333,3382513
15/02/2016,3778,3805.5,3744.5,3775,3486.582764,1826508
16/02/2016,3789.5,3856,3787.5,3844,3550.311279,2204719
17/02/2016,3859,3890,3845.5,3890,3592.796387,2698311
18/02/2016,3890.5,3898,3802,3849.5,3555.390869,3938688
19/02/2016,3861.5,3861.5,3812,3830,3537.380859,2321477
22/02/2016,3872,3881.5,3852.5,3863.5,3568.321045,1878059
23/02/2016,3807,3852,3807,3843,3549.387451,2825489
24/02/2016,3853.5,3854,3814.5,3834,3541.074951,2383350
25/02/2016,3800,3888.5,3776.5,3877.5,3581.251709,3011363
26/02/2016,3919,3954,3901,3915,3615.886475,2710402
29/02/2016,3918,3934.5,3884,3925.5,3625.584229,2675630
01/03/2016,3936.5,4005.5,3915,4000,3694.392334,2628150
02/03/2016,4013.5,4013.5,3951,3968.5,3665.299072,3596122
03/03/2016,3966,3976.5,3940,3958,3655.601318,2050470
04/03/2016,3962.5,4044.5,3961.5,4044.5,3735.492188,3048947
07/03/2016,4070.5,4090.5,4003,4008.5,3702.24292,2134798
08/03/2016,3982.5,4021,3958.5,4012.5,3705.937744,2197071
09/03/2016,4021,4045,3993.5,4045,3735.953857,2881286
10/03/2016,4059,4073.5,3984.5,3984.5,3680.07666,6193424
11/03/2016,4034,4084,4027.5,4076.5,3765.047363,2659240
14/03/2016,4076,4105.5,4060.5,4101,3787.675781,2166283
15/03/2016,4090.5,4133.5,4071,4128,3812.613037,2215117
16/03/2016,4147,4149,4109.5,4117,3802.453369,2380834
17/03/2016,4033.5,4042,3976.5,4042,3830.504395,2410097
18/03/2016,4040,4055.5,3977,3977,3768.905762,3515095
21/03/2016,3962,3997.5,3950,3976,3767.958008,1815976
22/03/2016,3962,3999.5,3940,3983,3774.591797,2620804
23/03/2016,3984,4048,3981.840088,4044,3832.399902,2858574
24/03/2016,4030.5,4033,3989,3995.5,3786.437744,5023014
29/03/2016,3995.5,4029.5,3975.5,3995.5,3786.437744,3489957
30/03/2016,4020,4075,4000,4075,3861.777832,5167594
31/03/2016,4075.5,4099.5,4057,4090,3875.993164,3502299
01/04/2016,4040,4091.5,4016,4083.5,3869.833252,2623168
04/04/2016,4081,4127.5,4033.530029,4098,3883.574219,2033308
05/04/2016,4088,4130,4078,4118,3902.528076,3139015
06/04/2016,4132.5,4134.25,4090.5,4124.5,3908.6875,2126907
07/04/2016,4132,4155,4103,4148.5,3931.431885,2379354
08/04/2016,4173.5,4195.379883,4158.5,4190,3970.760742,2434955
11/04/2016,4199,4200.5,4159,4193.5,3974.077148,2631709
12/04/2016,4182.5,4182.5,4135.5,4167.5,3949.437988,2083346
13/04/2016,4187,4295.709961,4168.5,4186.5,3967.443604,2285901
14/04/2016,4145,4215.25,4134.240234,4210,3989.713867,2532494
15/04/2016,4213.5,4324.430176,4207.5,4232,4010.562988,3018173
18/04/2016,4207,4281.140137,4206.5,4280.5,4056.525635,2250189
19/04/2016,4281,4307,4271.5,4281,4056.999023,2502782
20/04/2016,4280.5,4357.129883,4235.25,4264.5,4041.361816,3780653
21/04/2016,4265.5,4270,4135.5,4175,3956.545166,4270195
22/04/2016,4161.5,4176,4117.5,4133,3916.74292,2597370
25/04/2016,4118.5,4207.5,4118.5,4162.5,3944.699707,3178205
26/04/2016,4250,4346.919922,4134.5,4144.5,3927.641357,2661151
27/04/2016,4151.5,4163.5,4098.5,4162,3944.225342,2226474
28/04/2016,4143,4186,4100.5,4186,3966.969971,2645687
29/04/2016,4159.5,4210.5,4132,4170,3951.806641,2656366
03/05/2016,4170,4200.5,4098,4156,3938.539551,2850717
04/05/2016,4146.5,4233.600098,4107.5,4141.5,3924.79834,2825049
05/05/2016,4162,4194.5,4139,4191,3971.708252,2003003
06/05/2016,4184,4199,4147.5,4199,3979.289795,1909949
09/05/2016,4218.5,4250,4194,4213.5,3993.031006,1619931
10/05/2016,4237,4258.799805,4203.5,4241.5,4019.565918,1757842
11/05/2016,4233,4257.5,4221.5,4245,4022.882813,1444208
12/05/2016,4225,4254,4192.5,4210.5,3990.1875,1984129
13/05/2016,4207,4224.5,4172.5,4224.5,4003.455566,1936012
16/05/2016,4194,4237.5,4168.5,4235,4013.406006,1377562
17/05/2016,4245.5,4250,4170,4189,3969.812744,2303182
18/05/2016,4175,4181.5,4149,4165.5,3947.542236,2139393
19/05/2016,4140,4149,4077.5,4086,3872.202148,2531259
20/05/2016,4117,4154.5,4112,4147,3930.010254,2490472
23/05/2016,4144.5,4153.5,4102,4116,3900.632324,1903767
24/05/2016,4115,4174.5,4102.5,4170.5,3952.280762,2239685
25/05/2016,4186.5,4199.5,4164.5,4182,3963.179199,1857382
26/05/2016,4188.5,4192.5,4169.5,4185,3966.022217,1539126
27/05/2016,4181.5,4206,4167,4205.5,3985.449219,1304125
31/05/2016,4205.5,4244,4198,4198,3978.342041,4925328
01/06/2016,4194.5,4217.5,4150.5,4167,3948.963623,2196721
02/06/2016,4161,4179.27002,4139.149902,4142.5,3925.74585,2107049
03/06/2016,4156,4215,4156,4206,3985.923584,2067745
06/06/2016,4216,4296,4216,4271.5,4047.996094,2189625
07/06/2016,4275,4292.5,4265.5,4279.5,4055.577637,2266071
08/06/2016,4264.5,4284.5,4254.5,4276.5,4052.734375,1816401
09/06/2016,4274,4287,4253.5,4272.5,4048.943848,2142625
10/06/2016,4259,4271.129883,4173.5,4218.5,3997.769043,2580237
13/06/2016,4188,4264.5,4147.5,4147.5,3930.484131,1865079
14/06/2016,4140.5,4172,4072,4072,3858.934814,3088790
15/06/2016,4094.5,4141.5,4081.389893,4100,3885.469727,2360616
16/06/2016,4081.5,4155,4075,4145.5,3928.589111,2527589
17/06/2016,4160.5,4161.5,4105.5,4116.5,3901.106201,3891857
20/06/2016,4185,4260.5,4120,4235,4013.406006,3269468
21/06/2016,4222,4271.5,4202.5,4247.5,4025.251953,2674910
22/06/2016,4251.5,4290.5,4210.5,4254.5,4031.885498,2907255
23/06/2016,4287.5,4347.5,4214,4275.5,4051.786621,3409816
24/06/2016,4343,4476.5,4155,4385,4155.556641,8348398
27/06/2016,4334.5,4486.5,4332,4455,4221.89502,4902486
28/06/2016,4553,4574.5,4512,4555.5,4317.135254,5702433
29/06/2016,4592.5,4800,4583.5,4694,4448.38916,4136454
30/06/2016,4693.5,4843,4666.5,4843,4589.592773,4825590
01/07/2016,4853.5,4965.5,4829,4879,4623.708984,3406610
04/07/2016,4902.5,4948,4893,4904.5,4647.874512,1943203
05/07/2016,4920,5044,4915,5035,4771.546387,4246453
06/07/2016,5040,5135,4890.5,4900,4643.610352,4891194
07/07/2016,4888.5,4950,4880,4947.5,4688.624512,3362255
08/07/2016,4920.5,4933,4811,4898,4641.714355,3163238
11/07/2016,4883,4951.5,4850.5,4919.5,4662.089844,2440024
12/07/2016,4921,4964,4795.5,4839.5,4586.275879,3342722
13/07/2016,4809,4846.5,4410.200195,4814.5,4562.583984,3586563
14/07/2016,4840.5,4893,4780,4780.5,4530.363281,2808063
15/07/2016,4788.5,4835,4747,4835,4582.01123,3476057
18/07/2016,4820.5,4860,4775.540039,4776.5,4526.572266,1793012
19/07/2016,4773,4806,4761.5,4789,4538.417969,1820133
20/07/2016,4817,4852,4797.5,4800,4548.842285,1843132
21/07/2016,4779,4827,4766.5,4772,4522.307617,2031103
22/07/2016,4781.5,4817.5,4740,4813.5,4561.63623,2190690
25/07/2016,4808,4836,4782,4803,4551.685547,1634849
26/07/2016,4818,4847,4772.5,4782,4531.78418,2358907
27/07/2016,4784,4795,4725,4746.5,4498.14209,2059647
28/07/2016,4780,4848,4727,4782.5,4532.257813,2720755
29/07/2016,4737,4831.5,4702,4824.5,4572.060059,3289470
01/08/2016,4829.5,4829.5,4768.069824,4798.5,4547.421387,2292224
02/08/2016,4795,4820.97998,4773.5,4820.5,4568.27002,2552029
03/08/2016,4822.5,4823.5,4702.5,4703,4456.917969,2208111
04/08/2016,4684.5,4812.97998,4653,4812.5,4560.687988,3209081
05/08/2016,4832.5,4863.5,4772.5,4831.5,4578.694336,2210817
08/08/2016,4796,4811.5,4735.5,4759.5,4510.461914,1838369
09/08/2016,4763.5,4809.5,4760,4800,4548.842285,1720736
10/08/2016,4790,4858.5,4780.5,4858.5,4604.281738,1913830
11/08/2016,4869,4985,4862,4985,4724.162598,2415392
12/08/2016,4966,4983.5,4936.5,4971,4710.89502,1419378
15/08/2016,4980.5,5006,4968,4981,4720.37207,1779893
16/08/2016,4954.5,4978.5,4929.5,4968,4708.052246,1699894
17/08/2016,4972.5,4992.5,4927.069824,4947,4688.150879,2018193
18/08/2016,4900,4915,4833.029785,4834,4629.065918,2537522
19/08/2016,4818,4900.120117,4809.799805,4872.5,4665.934082,1720040
22/08/2016,4878.5,4940.5,4858,4889,4681.734863,2297115
23/08/2016,4912.5,4936,4850.5,4850.5,4644.867188,1681379
24/08/2016,4830,4871.299805,4796,4800.5,4596.986816,1715761
25/08/2016,4800,4842,4762,4816,4611.82959,2944500
26/08/2016,4823,4824,4782.5,4810,4606.083984,1427960
30/08/2016,4810,4812.5,4742,4754.5,4552.937012,2860072
31/08/2016,4748,4771.5,4711.5,4725,4524.6875,2030335
01/09/2016,4758.5,4774.5,4663.5,4713.5,4513.674805,2172105
02/09/2016,4730.5,4899,4711,4866,4659.709961,4523691
05/09/2016,4877.5,4888.5,4769.5,4803.5,4599.859375,1381769
06/09/2016,4817,4817,4763.5,4774,4571.610352,1544043
07/09/2016,4782,4835.5,4759.850098,4818.5,4614.223633,1892203
08/09/2016,4850,4888.5,4782.5,4782.5,4579.75,2308173
09/09/2016,4749.5,4787.5,4681,4695.5,4496.437988,2207326
12/09/2016,4651,4738.049805,4636,4698,4498.832031,2151453
13/09/2016,4707,4743.5,4691,4708.5,4508.886719,2293446
14/09/2016,4709,4729.5,4674,4674,4475.849609,2009144
15/09/2016,4686,4737.339844,4665,4733,4532.348145,1904487
16/09/2016,4738,4748,4697,4713,4513.196289,3965946
19/09/2016,4742.5,4766.5,4726,4762.5,4560.598145,1773919
20/09/2016,4761.5,4835,4743,4812.5,4608.477539,1752924
21/09/2016,4838.5,4851.5,4788.049805,4796,4592.677246,2056701
22/09/2016,4815,4894.5,4791.5,4863,4656.837402,1979486
23/09/2016,4863,4944,4855,4939,4729.614746,2107970
26/09/2016,4913,4924,4867,4885,4677.904297,2149138
27/09/2016,4919,4946.5,4887.100098,4898,4690.353027,2341326
28/09/2016,4898,4961,4898,4943.5,4733.923828,2645149
29/09/2016,4918.5,4978.5,4918.5,4946.5,4736.797363,1807463
30/09/2016,4925,4950.620117,4900.5,4930,4720.996582,2498977
03/10/2016,4932.5,4993.5,4925,4983,4771.75,2154660
04/10/2016,4999.5,5108,4988.5,5042,4828.248535,5532977
05/10/2016,5030,5056,4875,4881,4674.07373,2960260
06/10/2016,4895.5,4906,4849.640137,4863,4656.837402,2616502
07/10/2016,4880.5,4897,4774.609863,4873.5,4666.89209,3772982
10/10/2016,4879,4892.5,4852,4858.5,4652.527832,2401836
11/10/2016,4882.5,4902,4859,4883.5,4676.467773,2162265
12/10/2016,4877.5,4892,4832.5,4839,4633.854492,2135166
13/10/2016,4847.5,4888.5,4830,4882,4675.03125,2656455
14/10/2016,4907,4907,4874,4886.5,4679.34082,3037213
17/10/2016,4860.5,4872,4810,4817.5,4613.266113,2393431
18/10/2016,4843.5,4843.5,4790.5,4798,4594.592773,2146394
19/10/2016,4806.5,4817.700195,4747.149902,4777,4574.48291,2829092
20/10/2016,4802.5,4813,4770.5,4803,4599.380371,2762153
21/10/2016,4905,5003,4632,4666,4468.188477,13546777
24/10/2016,4666,4769.540039,4480.5,4678.5,4480.158691,8604028
25/10/2016,4680,4877.540039,4538,4718.5,4518.462891,4984932
26/10/2016,4702,4716,4568,4583,4388.707031,4776550
27/10/2016,4570,4628.5,4566,4611,4415.520508,4974722
28/10/2016,4680.5,4725.5,4624.5,4707.5,4507.929199,6074742
31/10/2016,4719,4759,4682.5,4691.5,4492.607422,4241939
01/11/2016,4707,4731.5,4616.5,4621,4425.096191,3199207
02/11/2016,4613,4623,4569.5,4588.5,4393.974121,3309727
03/11/2016,4590,4654.5,4549,4567,4373.385254,5575912
04/11/2016,4567,4574.5,4471,4520,4328.378418,4269333
07/11/2016,4536.5,4564.009766,4515.5,4545,4352.318359,3116089
08/11/2016,4570,4589.5,4541,4576,4382.004395,2705855
09/11/2016,4474.5,4540,4450.5,4480,4290.07373,4291762
10/11/2016,4499,4508.5,4241.049805,4258.5,4077.964355,6671066
11/11/2016,4258.5,4378.950195,4237,4307,4124.408203,8233204
14/11/2016,4326,4350.180176,4239,4281,4099.510742,6741510
15/11/2016,4265.5,4337.5,4251,4300.5,4118.183594,4721377
16/11/2016,4297.5,4310,4251,4278,4096.637695,3157643
17/11/2016,4291.5,4324,4274.5,4311,4128.238281,2464580
18/11/2016,4306,4383.649902,4290.5,4359.5,4174.682617,5507288
21/11/2016,4340.5,4415.330078,4311.5,4357.5,4172.767578,5045577
22/11/2016,4341,4376,4330,4368,4182.822266,3462435
23/11/2016,4367.5,4437,4340.5,4368.5,4183.300781,2592894
24/11/2016,4362,4376.5,4346,4372,4186.652832,1845825
25/11/2016,4365.5,4437.5,4364,4421,4233.575195,2950116
28/11/2016,4409.5,4487,4401.5,4448.5,4259.90918,3939600
29/11/2016,4440,4479,4417.5,4454.5,4265.654785,3231531
30/11/2016,4449,4534,4392.180176,4393.5,4207.241211,6435015
01/12/2016,4393.5,4393.5,4251.390137,4309.5,4126.802246,5758979
02/12/2016,4303,4351.5,4278.709961,4347,4162.712402,2763359
05/12/2016,4314,4385.5,4313.5,4343,4158.881836,3688302
06/12/2016,4337.5,4356,4301,4320,4136.856934,2907498
07/12/2016,4328.5,4353.5,4314,4352.5,4167.979004,2546569
08/12/2016,4364.5,4373,4325.5,4373,4187.610352,2612828
09/12/2016,4391,4431,4361.370117,4420,4232.618164,2763292
12/12/2016,4411.5,4423.5,4345.5,4366,4180.907227,2848316
13/12/2016,4380.5,4464,4352.5,4452.5,4263.739746,3509703
14/12/2016,4433,4498,4410,4468.5,4279.061523,4134695
15/12/2016,4461.5,4529.5,4425.5,4513,4321.674805,3931303
16/12/2016,4520,4555,4470.5,4506.5,4315.450684,4521495
19/12/2016,4512.5,4560.5,4491,4551.5,4358.54248,2413118
20/12/2016,4542.5,4578.5,4518.5,4556,4362.852051,2869681
21/12/2016,4537,4572.5,4535,4560.5,4367.161621,1698589
22/12/2016,4544.5,4569,4524.5,4546.5,4353.754883,1866264
23/12/2016,4555.5,4567,4536,4558,4364.76709,538997
28/12/2016,4558,4592,4534,4567,4373.385254,3118134
29/12/2016,4565,4596.5,4555.589844,4596.5,4401.635254,1609201
30/12/2016,4610.5,4628,4583.5,4621.5,4425.575195,1543009
03/01/2017,4621.5,4657,4603,4612,4416.478027,2356727
04/01/2017,4576,4625.52002,4574.5,4591.5,4396.847168,2000461
05/01/2017,4582,4852.75,4566.5,4580,4385.834473,2682431
06/01/2017,4558,4600,4557.5,4574,4380.088867,2324882
09/01/2017,4591,4681.5,4586,4675,4476.807129,2505235
10/01/2017,4673.5,4687,4603.899902,4672,4473.934082,2167306
11/01/2017,4650.5,4731,4650.5,4713,4513.196289,2734814
12/01/2017,4680,4728,4676,4705,4505.535645,2918851
13/01/2017,4727.5,4741.5,4704,4729.5,4528.996582,2114803
16/01/2017,4735.5,4763.450195,4721.5,4762.5,4560.598145,1640639
17/01/2017,4810,4820,4569,4580,4385.834473,10020823
18/01/2017,4620,4697.5,4615,4634,4437.544922,8092042
19/01/2017,4680,4736.5,4593.75,4734,4533.305664,7788887
20/01/2017,4750,4810.359863,4703.700195,4760,4558.203613,5256250
23/01/2017,4718.5,4800.549805,4711,4767,4564.906738,4981457
24/01/2017,4778,4811.5,4755,4800,4596.507324,4466633
25/01/2017,4811.5,4894,4795,4894,4686.522949,4918262
26/01/2017,4888.5,4937,4853.830078,4929.5,4720.518066,4359672
27/01/2017,4910.5,4949.140137,4896.669922,4920.5,4711.899414,3713728
30/01/2017,4899,4931.120117,4865,4896.5,4688.916504,2689114
31/01/2017,4883.5,4902.5,4723.680176,4899.5,4691.790039,4240170
01/02/2017,4888,4907.5,4856,4865.5,4659.231445,3146557
02/02/2017,4844,4962.52002,4830,4910,4701.844727,3876234
03/02/2017,4903.5,4970.5,4894,4963,4752.597656,3649407
06/02/2017,4963,5008,4955,4985,4773.665039,3050353
07/02/2017,4985,5011,4977.5,4981.5,4770.312988,3312475
08/02/2017,4981.5,5035,4952.5,5025,4811.969238,3486658
09/02/2017,5019,5038,4951.430176,5021,4808.138672,4186606
10/02/2017,5025,5078,4990.649902,5008,4795.689941,3331507
13/02/2017,4997,5029,4984,4992,4780.368164,2301628
14/02/2017,4964,4998.169922,4913.5,4930,4720.996582,6181208
15/02/2017,4950,4997.439941,4916,4964.5,4754.033691,2755705
16/02/2017,4964.5,5009,4950,4976.5,4765.525391,1999633
17/02/2017,4983,5040,4966,5004,4791.859375,4754192
20/02/2017,5001,5016,4963,4982.5,4771.270508,1974658
21/02/2017,4968,5013,4966.109863,4993,4781.325684,3051953
22/02/2017,4985,5019,4975.430176,5000,4788.029297,2503221
23/02/2017,4970,5064,4970,5060,4845.485352,3037521
24/02/2017,5070,5076,5021,5070,4855.061523,2446321
27/02/2017,5071,5123.5,5055.589844,5092,4876.128418,2966778
28/02/2017,5092,5100,5062,5080,4864.637695,3233532
01/03/2017,5147,5165,5080,5161,4942.204102,3124236
02/03/2017,5160,5170,5124,5155,4936.45752,3045031
03/03/2017,5156,5156,5086,5107,4890.492676,4532880
06/03/2017,5083,5094,5060,5082,4866.552734,2910541
07/03/2017,5102,5120,5090,5108,4891.450195,1757873
08/03/2017,5113,5121,5085,5102,4885.705078,2659266
09/03/2017,5094,5100,5065,5100,4883.789551,2217446
10/03/2017,5100,5128,5097,5108,4891.450195,4045369
13/03/2017,5121,5141,5097,5139,4921.13623,2931940
14/03/2017,5140,5187,5118,5171,4951.779297,4551522
15/03/2017,5179,5196,5146,5185,4965.186035,3016599
16/03/2017,5072,5254.27002,5067,5149,5045.638184,4459878
17/03/2017,5122,5192,5122,5192,5087.774902,6430586
20/03/2017,5165,5202,5074.439941,5188,5083.85498,2174425
21/03/2017,5183,5227.859863,5148,5188,5083.85498,2560690
22/03/2017,5176,5208,5154.009766,5180,5076.016113,2908669
23/03/2017,5168,5204.839844,5134,5174,5070.13623,2728852
24/03/2017,5200,5277,5131.930176,5277,5171.068848,3819330
27/03/2017,5254,5281.470215,5227,5228,5123.052246,3431564
28/03/2017,5208,5236,5194,5219,5114.23291,2401609
29/03/2017,5245,5318,5227.899902,5318,5211.245605,3314761
30/03/2017,5324,5328,5212.959961,5310,5203.40625,3438318
31/03/2017,5286,5304.97998,5275,5300,5193.606934,5066074
03/04/2017,5303,5310,5265,5290,5183.808105,3082897
04/04/2017,5294,5338,5275,5290,5183.808105,2632443
05/04/2017,5296,5333,5270,5318,5211.245605,2708529
06/04/2017,5318,5343,5288,5291,5184.787598,2520375
07/04/2017,5290,5360,5272,5357,5249.462891,2322304
10/04/2017,5351,5367,5320,5345,5237.703613,1828065
11/04/2017,5336,5408,5328,5392,5283.760254,2445889
12/04/2017,5376,5400,5355,5382,5273.960938,2091560
13/04/2017,5381,5401,5369,5383,5274.94043,1941833
18/04/2017,5383,5408,5263,5263,5157.349609,3748843
19/04/2017,5242,5255,5175,5185,5080.915039,3475007
20/04/2017,5197,5243,5188,5218,5113.25293,4856435
21/04/2017,5174,5212,5165,5200,5095.614258,2447812
24/04/2017,5258,5331,5227,5328,5221.044434,2719408
25/04/2017,5344,5358,5290,5290,5183.808105,2420004
26/04/2017,5281,5336,5275,5307,5200.466309,2619882
27/04/2017,5288,5289,5226,5236,5130.891602,1888064
28/04/2017,5249,5337,5182,5215,5110.312988,2754105
02/05/2017,5241,5288,5223.810059,5266,5160.289551,2681830
03/05/2017,5260,5277,5225,5233,5127.952148,2488262
04/05/2017,5245,5268,5227,5239,5133.831543,2184148
05/05/2017,5232,5301,5224,5287,5180.867676,2192816
08/05/2017,5287,5320,5275,5320,5213.205078,2364180
09/05/2017,5315,5371,5310,5310,5203.40625,2684084
10/05/2017,5296,5335,5262,5317,5210.265625,2587709
11/05/2017,5329,5363,5302.649902,5339,5231.82373,2614629
12/05/2017,5364,5408,5319.330078,5408,5299.438477,2377463
15/05/2017,5408,5422,5360.200195,5394,5285.719727,2123906
16/05/2017,5404,5506.700195,5391,5505,5394.491699,3516719
17/05/2017,5500,5524,5465,5480,5369.993652,2368179
18/05/2017,5500,5510,5373.25,5386,5277.880371,2871974
19/05/2017,5410,5421,5370,5401,5292.57959,3533494
22/05/2017,5424,5467,5418,5467,5357.254395,2011206
23/05/2017,5461,5479,5420,5420,5311.198242,2612919
24/05/2017,5429,5446.339844,5409,5432,5322.957031,2293371
25/05/2017,5451,5501,5450,5495,5384.692383,1521415
26/05/2017,5502,5602,5492,5591,5478.765137,2156773
30/05/2017,5591,5591,5454,5501,5390.571777,2869578
31/05/2017,5532,5571,5483.689941,5530,5418.989746,4288901
01/06/2017,5548,5593,5465.850098,5508,5397.431641,2735786
02/06/2017,5558,5590,5537.569824,5578,5466.026367,2314321
05/06/2017,5581,5612,5565.660156,5580,5467.986328,1908343
06/06/2017,5566,5643.600098,5564,5643,5529.72168,2333143
07/06/2017,5624,5639,5569,5583,5470.925781,2749252
08/06/2017,5610,5633.959961,5506.450195,5507,5396.451172,2755967
09/06/2017,5557,5634,5499,5518,5407.230469,4220723
12/06/2017,5450,5538.200195,5396.5,5462,5352.35498,3529768
13/06/2017,5463,5475.759766,5397,5414,5305.318848,2675190
14/06/2017,5325,5498.180176,5314,5446,5336.675781,4130438
15/06/2017,5455,5465,5395,5440,5330.796387,3809847
16/06/2017,5447,5512,5439,5499,5388.612305,5632662
19/06/2017,5544,5578,5500,5567,5455.24707,1922913
20/06/2017,5587,5611,5552,5563,5451.327637,166448
21/06/2017,5578,5589.919922,5490,5553,5441.527832,305159
22/06/2017,5561,5561.660156,5484,5485,5374.893066,266738
23/06/2017,5467,5517,5439,5482,5371.953125,255908
26/06/2017,5507,5516,5477,5494.310059,5384.016113,297828
27/06/2017,5465,5488,5423,5445.359863,5336.048828,604492
28/06/2017,5409,5421,5346,5351,5243.583008,311753
29/06/2017,5340,5371,5235,5235,5129.912109,631381
30/06/2017,5235,5280,5189.169922,5234,5128.931641,805603
03/07/2017,5214,5253,5210,5236,5130.891602,2503098
04/07/2017,5205,5228,5177,5177,5073.075684,2095120
05/07/2017,5177,5262,5160,5257,5151.470215,3326153
06/07/2017,5246,5277,5157.669922,5184,5079.935547,3188843
07/07/2017,5168,5247,5160,5219,5114.23291,3100051
10/07/2017,5220,5241.810059,2879.889893,5210,5105.413574,2523085
11/07/2017,5160,5496,5133,5180,5076.016113,3663681
12/07/2017,5189,5289,5184,5278,5172.04834,4142385
13/07/2017,5285,5317,5276,5290,5183.808105,6173058
14/07/2017,5275,5289,5253,5277,5171.068848,3309899
17/07/2017,5288,5330,5254.589844,5305,5198.506348,2438145
18/07/2017,5247,5273.350098,5214,5237,5131.871582,3688839
19/07/2017,5220,5315,5215,5288,5181.847656,3535884
20/07/2017,5325,5433,5306,5425,5316.097656,5380593
21/07/2017,5423,5485,5405.220215,5485,5374.893066,7525778
24/07/2017,5482,5529,5358,5413,5304.338379,66484464
25/07/2017,5312,5356,5256,5283,5176.948242,12775345
26/07/2017,5311,5394,5264.129883,5323,5216.145508,10742018
27/07/2017,5330,5483,5300,5322,5215.165039,8971130
28/07/2017,5350,5500.77002,4591,4960,4860.431641,19707484
31/07/2017,4960,4975,4711.620117,4713.5,4618.880371,11646047
01/08/2017,4713.5,4833.5,4664,4832,4735.001465,7208370
02/08/2017,4844,4854,4802,4854,4756.560059,6067910
03/08/2017,4872,5004,4494.700195,5004,4903.548828,7528431
04/08/2017,5020,5100,4998.5,5057,4955.484863,5691783
07/08/2017,5073,5079,5026,5055,4953.524902,2549527
08/08/2017,5041,5042,4975.5,4990,4889.82959,4704669
09/08/2017,4940,5011,4928.5,4976.5,4876.600586,5767934
10/08/2017,4980,5005.169922,4895.5,4903,4804.57666,2384794
11/08/2017,4830,4904.5,4820,4855.5,4758.029785,3182315
14/08/2017,4884.5,4885.5,4832,4845.5,4748.230469,2888322
15/08/2017,4867.5,4937,4845.5,4907.5,4808.98584,2444587
16/08/2017,4930.5,4956,4857.689941,4929,4830.054199,2485495
17/08/2017,4855,4882,4823.5,4832,4789.907227,2595685
18/08/2017,4789.5,4789.5,4723.5,4752,4710.604004,3166771
21/08/2017,4732,4784,4718.5,4777,4735.38623,2684069
22/08/2017,4795,4829.5,4769,4773,4731.420898,2094958
23/08/2017,4722,4787,4722,4728.5,4687.308594,3332074
24/08/2017,4759.5,4871,4751,4840,4797.837402,3751170
25/08/2017,4840,4875.5,4816.5,4835,4792.880859,2759431
29/08/2017,4835,4835,4736.5,4752.5,4711.099609,3012737
30/08/2017,4791.5,4801.5,4754,4754,4712.586426,2530433
31/08/2017,4761,4839,4747.5,4831,4788.916016,3260257
01/09/2017,4835.5,4850,4799,4815.5,4773.550781,2615524
04/09/2017,4794,4844,4794,4808.5,4766.611816,1050699
05/09/2017,4804.5,4816.5,4776.5,4776.5,4734.890625,2407529
06/09/2017,4761.5,4821,4744,4812,4770.081543,3189004
07/09/2017,4855,4924,4839.5,4903.5,4860.78418,3860062
08/09/2017,4886.5,4963,4882,4917,4874.166504,3943868
11/09/2017,4925,4939.5,4895,4897.5,4854.836426,3128016
12/09/2017,4892.5,4893,4789,4798.5,4756.69873,4899819
13/09/2017,4807,4824,4747.5,4813,4771.072754,4095773
14/09/2017,4819,4833,4692,4692.5,4651.622559,4587643
15/09/2017,4680,4748.109863,4642.5,4741,4699.699707,7564775
18/09/2017,4746,4758,4673,4704,4663.021973,2881055
19/09/2017,4684,4707,4645,4648.5,4608.005859,4430380
20/09/2017,4635,4683,4593.330078,4606,4565.875977,2416451
21/09/2017,4590,4626.5,4552,4565,4525.23291,4045975
22/09/2017,4560.5,4630,4546,4611,4570.83252,3000541
25/09/2017,4613.5,4613.5,4550,4585,4545.058594,3039916
26/09/2017,4595.5,4655,4508.5,4650,4609.492676,4485152
27/09/2017,4664.5,4722,4638,4704.5,4663.517578,4557521
28/09/2017,4708,4708,4640.5,4650,4609.492676,3741810
29/09/2017,4654,4708,4646.5,4672,4631.300781,3748168
02/10/2017,4686.5,4717,4645.5,4717,4675.908691,3251356
03/10/2017,4719,4719,4650.5,4704,4663.021973,3164333
04/10/2017,4699,4748.5,4694.5,4736.5,4695.239258,2174343
05/10/2017,4710,4737.5,4686.5,4705,4664.013672,4206231
06/10/2017,4708,4811,4701.640137,4781.5,4739.847168,4592287
09/10/2017,4815,4828,4783.5,4819.5,4777.516113,3104283
10/10/2017,4827,4890,4804.5,4888.5,4845.915039,3573832
11/10/2017,4909.5,4920,4868.5,4916.5,4873.670898,4429718
12/10/2017,4913,4949.5,4875.5,4881.5,4838.976074,3293659
13/10/2017,4867,4872,4827.5,4858,4815.680664,2620507
16/10/2017,4845,4873.5,4810.629883,4848.5,4806.263184,3112497
17/10/2017,4859.5,4890,4841,4865,4822.619629,2645703
18/10/2017,4876.5,4888.5,4852.5,4870.5,4828.071777,1913666
19/10/2017,4838.5,4868.5,4796.5,4828,4785.941895,2757856
20/10/2017,4838,4875,4821,4849.5,4807.254883,3325039
23/10/2017,4872,4928,4862,4867,4824.602051,2298264
24/10/2017,4852,4876.5,4783.5,4825,4782.968262,3896886
25/10/2017,4838.5,4962,4826,4843.5,4801.307129,5479796
26/10/2017,4866.5,4988.5,4861.5,4966,4922.739746,4805895
27/10/2017,5000,5034,4986,5022,4978.251953,3443522
30/10/2017,5000,17365.40039,4911.5,4917,4874.166504,3353356
31/10/2017,4922,4928,4833.5,4871,4828.567383,3020873
01/11/2017,4871,4912,4857.5,4891,4848.393066,5729820
02/11/2017,4893.5,4984,4890.5,4970,4926.705078,3970851
03/11/2017,4969.5,4997.5,4958.5,4995.5,4951.98291,2963242
06/11/2017,4974.5,4994,4949,4959,4915.800781,1901404
07/11/2017,4958.5,4961.5,4877,4932,4889.036133,3232540
08/11/2017,4963.5,5006,4941.5,4956,4912.82666,2905912
09/11/2017,4960,4980,4926,4950.5,4907.375,2673956
10/11/2017,4946,4965,4892.5,4910,4867.227539,2037917
13/11/2017,4944,4980,4933,4937,4893.992188,2154602
14/11/2017,4936,4943.5,4865.5,4900,4857.314941,2835951
15/11/2017,4875.5,4921,4875.5,4891,4848.393066,2983684
16/11/2017,4898.5,4958,4892,4955,4911.835449,2690666
17/11/2017,4952.5,5017,4951.5,4983.5,4940.087402,3107478
20/11/2017,4963,5007,4950.5,5002,4958.42627,1726667
21/11/2017,4984,5100,4966,5091,5046.650879,3427075
22/11/2017,5079,5085,5023,5029,4985.190918,2575350
23/11/2017,5006,5049,4979.5,5049,5005.016602,1681966
24/11/2017,5043,5044,4985.5,5004,4960.408691,1917280
27/11/2017,4991,5024,4967.5,4967.5,4924.226563,2769595
28/11/2017,4965.5,4985.5,4928,4969,4925.713867,2840220
29/11/2017,4924.5,4928.5,4800.5,4802,4760.168457,5013975
30/11/2017,4799,4848,4689,4689,4648.152832,12208374
01/12/2017,4674,4784.5,4673.5,4784.5,4742.820801,5488723
04/12/2017,4818.5,4826,4744.5,4795.5,4753.725098,3405737
05/12/2017,4810.5,4885,4810,4850,4807.750488,3188496
06/12/2017,4837.5,5058,4830.5,5028,4984.199707,4351905
07/12/2017,5047,5050,4923.5,4958.5,4915.305176,4756554
08/12/2017,4938,4965,4890.5,4939,4895.975098,3807134
11/12/2017,4973.5,5043,4965,5002,4958.42627,3658475
12/12/2017,5017,5055,4981.5,5044,5000.060547,3666401
13/12/2017,5031,5071,4995.5,5045.149902,5001.200195,5863803
14/12/2017,5020,5027,4924.5,4924.5,4881.601074,3561034
15/12/2017,4898.5,4974.5,4898.5,4967,4923.730957,6406250
18/12/2017,4962,5015,4956.5,4960,4916.791992,3044531
19/12/2017,4985,5037,4948,4995,4951.487305,6040618
20/12/2017,4983,4999.5,4914.5,4920,4877.140625,3747052
21/12/2017,4934,5037,4920.5,5013,4969.330566,3435928
22/12/2017,5030,5058,4970,4970,4926.705078,922884
27/12/2017,4970,5023,4920.5,5005,4961.399902,2459378
28/12/2017,5000,5002,4941,4955.5,4955.5,1966504
29/12/2017,4969.5,5024,4953.5,5018,5018,1225138
02/01/2018,5018,5046,4917.5,4940,4940,2778691
03/01/2018,4970,4970.5,4899,4936.5,4936.5,1708852
04/01/2018,4942.5,4961,4909.5,4914.5,4914.5,4431206
05/01/2018,4909,4970,4906.5,4970,4970,2060262
08/01/2018,4956,4966,4920.5,4925,4925,2453206
09/01/2018,4935.5,5070,4935.5,4959.5,4959.5,3829035
10/01/2018,4946.5,4984.5,4944.5,4965,4965,5158909
11/01/2018,4992,5068,4990.5,5050,5050,3199185
12/01/2018,5037,5037,4960,4968,4968,4642136
15/01/2018,4963.5,5037,4961.5,5015,5015,2701264
16/01/2018,5040,5103,5013,5033,5033,5117365
17/01/2018,5015,5036,4994,5003,5003,2870566
18/01/2018,5029,5044,4932,4950,4950,4267024
19/01/2018,4930.5,5062,4930.5,5062,5062,4392312
22/01/2018,5028,5079,5024,5042,5042,4598956
23/01/2018,5064,5108,5026,5100,5100,4124967
24/01/2018,5089,5099,4976,4976,4976,4180973
25/01/2018,4973.5,4995.5,4864.5,4870,4870,3454325
26/01/2018,4851.5,4939,4827.5,4939,4939,4582271
29/01/2018,4923.5,4927,4860.5,4875,4875,3652627
30/01/2018,4851,4892.5,4831.5,4831.5,4831.5,3409311
31/01/2018,4846.5,4883,4800.5,4819,4819,3524817
01/02/2018,4827.5,4864.5,4810,4824,4824,4148965
02/02/2018,4794,4809.5,4750,4760,4760,3356902
05/02/2018,4738.5,4738.5,4632.5,4632.5,4632.5,4527820
06/02/2018,4521.5,4612,4450,4519.5,4519.5,6122151
07/02/2018,4592,4677,4540,4645,4645,4604862
08/02/2018,4567,4590,4480,4497.5,4497.5,7018191
09/02/2018,4472,4512.5,4405,4412.5,4412.5,5546152
12/02/2018,4440.5,4494,4407,4465,4465,6404929
13/02/2018,4468.5,4493.5,4379,4381.5,4381.5,8354422
14/02/2018,4432,4488.5,4416.5,4440,4440,6531655
15/02/2018,4448.5,4448.5,4387,4423.5,4423.5,4200813
16/02/2018,4455,4463,4416.5,4451.5,4451.5,3192214
19/02/2018,4430,4469.5,4419,4440,4440,2108026
20/02/2018,4448,4493,4432.5,4493,4493,4630010